[{"inputs":[{"internalType":"address payable","name":"_proxy","type":"address"},{"internalType":"contract TokenState","name":"_tokenState","type":"address"},{"internalType":"address","name":"_owner","type":"address"},{"internalType":"uint256","name":"_totalSupply","type":"uint256"},{"internalType":"address","name":"_resolver","type":"address"}],"payable":false,"stateMutability":"nonpayable","type":"constructor"},{"anonymous":false,"inputs":[{"indexed":true,"internalType":"address","name":"account","type":"address"},{"indexed":false,"internalType":"uint256","name":"snxRedeemed","type":"uint256"},{"indexed":false,"internalType":"uint256","name":"amountLiquidated","type":"uint256"},{"indexed":false,"internalType":"address","name":"liquidator","type":"address"}],"name":"AccountLiquidated","type":"event"},{"anonymous":false,"inputs":[{"indexed":true,"internalType":"address","name":"owner","type":"address"},{"indexed":true,"internalType":"address","name":"spender","type":"address"},{"indexed":false,"internalType":"uint256","name":"value","type":"uint256"}],"name":"Approval","type":"event"},{"anonymous":false,"inputs":[{"indexed":true,"internalType":"address","name":"account","type":"address"},{"indexed":false,"internalType":"bytes32","name":"currencyKey","type":"bytes32"},{"indexed":false,"internalType":"uint256","name":"amount","type":"uint256"}],"name":"ExchangeRebate","type":"event"},{"anonymous":false,"inputs":[{"indexed":true,"internalType":"address","name":"account","type":"address"},{"indexed":false,"internalType":"bytes32","name":"currencyKey","type":"bytes32"},{"indexed":false,"internalType":"uint256","name":"amount","type":"uint256"}],"name":"ExchangeReclaim","type":"event"},{"anonymous":false,"inputs":[{"indexed":false,"internalType":"address","name":"oldOwner","type":"address"},{"indexed":false,"internalType":"address","name":"newOwner","type":"address"}],"name":"OwnerChanged","type":"event"},{"anonymous":false,"inputs":[{"indexed":false,"internalType":"address","name":"newOwner","type":"address"}],"name":"OwnerNominated","type":"event"},{"anonymous":false,"inputs":[{"indexed":false,"internalType":"address","name":"proxyAddress","type":"address"}],"name":"ProxyUpdated","type":"event"},{"anonymous":false,"inputs":[{"indexed":false,"internalType":"address","name":"newBeneficiary","type":"address"}],"name":"SelfDestructBeneficiaryUpdated","type":"event"},{"anonymous":false,"inputs":[{"indexed":false,"internalType":"uint256","name":"selfDestructDelay","type":"uint256"}],"name":"SelfDestructInitiated","type":"event"},{"anonymous":false,"inputs":[],"name":"SelfDestructTerminated","type":"event"},{"anonymous":false,"inputs":[{"indexed":false,"internalType":"address","name":"beneficiary","type":"address"}],"name":"SelfDestructed","type":"event"},{"anonymous":false,"inputs":[{"indexed":true,"internalType":"address","name":"account","type":"address"},{"indexed":false,"internalType":"bytes32","name":"fromCurrencyKey","type":"bytes32"},{"indexed":false,"internalType":"uint256","name":"fromAmount","type":"uint256"},{"indexed":false,"internalType":"bytes32","name":"toCurrencyKey","type":"bytes32"},{"indexed":false,"internalType":"uint256","name":"toAmount","type":"uint256"},{"indexed":false,"internalType":"address","name":"toAddress","type":"address"}],"name":"SynthExchange","type":"event"},{"anonymous":false,"inputs":[{"indexed":false,"internalType":"address","name":"newTokenState","type":"address"}],"name":"TokenStateUpdated","type":"event"},{"anonymous":false,"inputs":[{"indexed":true,"internalType":"address","name":"from","type":"address"},{"indexed":true,"internalType":"address","name":"to","type":"address"},{"indexed":false,"internalType":"uint256","name":"value","type":"uint256"}],"name":"Transfer","type":"event"},{"constant":true,"inputs":[],"name":"DECIMALS","outputs":[{"internalType":"uint8","name":"","type":"uint8"}],"payable":false,"stateMutability":"view","type":"function"},{"constant":true,"inputs":[],"name":"MAX_ADDRESSES_FROM_RESOLVER","outputs":[{"internalType":"uint256","name":"","type":"uint256"}],"payable":false,"stateMutability":"view","type":"function"},{"constant":true,"inputs":[],"name":"SELFDESTRUCT_DELAY","outputs":[{"internalType":"uint256","name":"","type":"uint256"}],"payable":false,"stateMutability":"view","type":"function"},{"constant":true,"inputs":[],"name":"TOKEN_NAME","outputs":[{"internalType":"string","name":"","type":"string"}],"payable":false,"stateMutability":"view","type":"function"},{"constant":true,"inputs":[],"name":"TOKEN_SYMBOL","outputs":[{"internalType":"string","name":"","type":"string"}],"payable":false,"stateMutability":"view","type":"function"},{"constant":false,"inputs":[],"name":"acceptOwnership","outputs":[],"payable":false,"stateMutability":"nonpayable","type":"function"},{"constant":true,"inputs":[{"internalType":"address","name":"owner","type":"address"},{"internalType":"address","name":"spender","type":"address"}],"name":"allowance","outputs":[{"internalType":"uint256","name":"","type":"uint256"}],"payable":false,"stateMutability":"view","type":"function"},{"constant":true,"inputs":[],"name":"anySynthOrSNXRateIsStale","outputs":[{"internalType":"bool","name":"anyRateStale","type":"bool"}],"payable":false,"stateMutability":"view","type":"function"},{"constant":false,"inputs":[{"internalType":"address","name":"spender","type":"address"},{"internalType":"uint256","name":"value","type":"uint256"}],"name":"approve","outputs":[{"internalType":"bool","name":"","type":"bool"}],"payable":false,"stateMutability":"nonpayable","type":"function"},{"constant":true,"inputs":[],"name":"availableCurrencyKeys","outputs":[{"internalType":"bytes32[]","name":"","type":"bytes32[]"}],"payable":false,"stateMutability":"view","type":"function"},{"constant":true,"inputs":[],"name":"availableSynthCount","outputs":[{"internalType":"uint256","name":"","type":"uint256"}],"payable":false,"stateMutability":"view","type":"function"},{"constant":true,"inputs":[{"internalType":"uint256","name":"index","type":"uint256"}],"name":"availableSynths","outputs":[{"internalType":"contract ISynth","name":"","type":"address"}],"payable":false,"stateMutability":"view","type":"function"},{"constant":true,"inputs":[{"internalType":"address","name":"account","type":"address"}],"name":"balanceOf","outputs":[{"internalType":"uint256","name":"","type":"uint256"}],"payable":false,"stateMutability":"view","type":"function"},{"constant":false,"inputs":[{"internalType":"uint256","name":"amount","type":"uint256"}],"name":"burnSynths","outputs":[],"payable":false,"stateMutability":"nonpayable","type":"function"},{"constant":false,"inputs":[{"internalType":"address","name":"burnForAddress","type":"address"},{"internalType":"uint256","name":"amount","type":"uint256"}],"name":"burnSynthsOnBehalf","outputs":[],"payable":false,"stateMutability":"nonpayable","type":"function"},{"constant":false,"inputs":[],"name":"burnSynthsToTarget","outputs":[],"payable":false,"stateMutability":"nonpayable","type":"function"},{"constant":false,"inputs":[{"internalType":"address","name":"burnForAddress","type":"address"}],"name":"burnSynthsToTargetOnBehalf","outputs":[],"payable":false,"stateMutability":"nonpayable","type":"function"},{"constant":true,"inputs":[{"internalType":"address","name":"account","type":"address"}],"name":"collateral","outputs":[{"internalType":"uint256","name":"","type":"uint256"}],"payable":false,"stateMutability":"view","type":"function"},{"constant":true,"inputs":[{"internalType":"address","name":"_issuer","type":"address"}],"name":"collateralisationRatio","outputs":[{"internalType":"uint256","name":"","type":"uint256"}],"payable":false,"stateMutability":"view","type":"function"},{"constant":true,"inputs":[{"internalType":"address","name":"account","type":"address"},{"internalType":"bytes32","name":"currencyKey","type":"bytes32"}],"name":"debtBalanceOf","outputs":[{"internalType":"uint256","name":"","type":"uint256"}],"payable":false,"stateMutability":"view","type":"function"},{"constant":true,"inputs":[],"name":"decimals","outputs":[{"internalType":"uint8","name":"","type":"uint8"}],"payable":false,"stateMutability":"view","type":"function"},{"constant":false,"inputs":[{"internalType":"address","name":"account","type":"address"},{"internalType":"bytes32","name":"currencyKey","type":"bytes32"},{"internalType":"uint256","name":"amount","type":"uint256"}],"name":"emitExchangeRebate","outputs":[],"payable":false,"stateMutability":"nonpayable","type":"function"},{"constant":false,"inputs":[{"internalType":"address","name":"account","type":"address"},{"internalType":"bytes32","name":"currencyKey","type":"bytes32"},{"internalType":"uint256","name":"amount","type":"uint256"}],"name":"emitExchangeReclaim","outputs":[],"payable":false,"stateMutability":"nonpayable","type":"function"},{"constant":false,"inputs":[{"internalType":"address","name":"account","type":"address"},{"internalType":"bytes32","name":"fromCurrencyKey","type":"bytes32"},{"internalType":"uint256","name":"fromAmount","type":"uint256"},{"internalType":"bytes32","name":"toCurrencyKey","type":"bytes32"},{"internalType":"uint256","name":"toAmount","type":"uint256"},{"internalType":"address","name":"toAddress","type":"address"}],"name":"emitSynthExchange","outputs":[],"payable":false,"stateMutability":"nonpayable","type":"function"},{"constant":false,"inputs":[{"internalType":"bytes32","name":"sourceCurrencyKey","type":"bytes32"},{"internalType":"uint256","name":"sourceAmount","type":"uint256"},{"internalType":"bytes32","name":"destinationCurrencyKey","type":"bytes32"}],"name":"exchange","outputs":[{"internalType":"uint256","name":"amountReceived","type":"uint256"}],"payable":false,"stateMutability":"nonpayable","type":"function"},{"constant":false,"inputs":[{"internalType":"address","name":"exchangeForAddress","type":"address"},{"internalType":"bytes32","name":"sourceCurrencyKey","type":"bytes32"},{"internalType":"uint256","name":"sourceAmount","type":"uint256"},{"internalType":"bytes32","name":"destinationCurrencyKey","type":"bytes32"}],"name":"exchangeOnBehalf","outputs":[{"internalType":"uint256","name":"amountReceived","type":"uint256"}],"payable":false,"stateMutability":"nonpayable","type":"function"},{"constant":true,"inputs":[],"name":"getResolverAddressesRequired","outputs":[{"internalType":"bytes32[24]","name":"addressesRequired","type":"bytes32[24]"}],"payable":false,"stateMutability":"view","type":"function"},{"constant":false,"inputs":[],"name":"initiateSelfDestruct","outputs":[],"payable":false,"stateMutability":"nonpayable","type":"function"},{"constant":true,"inputs":[],"name":"initiationTime","outputs":[{"internalType":"uint256","name":"","type":"uint256"}],"payable":false,"stateMutability":"view","type":"function"},{"constant":true,"inputs":[],"name":"integrationProxy","outputs":[{"internalType":"contract Proxy","name":"","type":"address"}],"payable":false,"stateMutability":"view","type":"function"},{"constant":true,"inputs":[{"internalType":"contract AddressResolver","name":"_resolver","type":"address"}],"name":"isResolverCached","outputs":[{"internalType":"bool","name":"","type":"bool"}],"payable":false,"stateMutability":"view","type":"function"},{"constant":true,"inputs":[{"internalType":"bytes32","name":"currencyKey","type":"bytes32"}],"name":"isWaitingPeriod","outputs":[{"internalType":"bool","name":"","type":"bool"}],"payable":false,"stateMutability":"view","type":"function"},{"constant":false,"inputs":[],"name":"issueMaxSynths","outputs":[],"payable":false,"stateMutability":"nonpayable","type":"function"},{"constant":false,"inputs":[{"internalType":"address","name":"issueForAddress","type":"address"}],"name":"issueMaxSynthsOnBehalf","outputs":[],"payable":false,"stateMutability":"nonpayable","type":"function"},{"constant":false,"inputs":[{"internalType":"uint256","name":"amount","type":"uint256"}],"name":"issueSynths","outputs":[],"payable":false,"stateMutability":"nonpayable","type":"function"},{"constant":false,"inputs":[{"internalType":"address","name":"issueForAddress","type":"address"},{"internalType":"uint256","name":"amount","type":"uint256"}],"name":"issueSynthsOnBehalf","outputs":[],"payable":false,"stateMutability":"nonpayable","type":"function"},{"constant":false,"inputs":[{"internalType":"address","name":"account","type":"address"},{"internalType":"uint256","name":"susdAmount","type":"uint256"}],"name":"liquidateDelinquentAccount","outputs":[{"internalType":"bool","name":"","type":"bool"}],"payable":false,"stateMutability":"nonpayable","type":"function"},{"constant":true,"inputs":[{"internalType":"address","name":"account","type":"address"}],"name":"maxIssuableSynths","outputs":[{"internalType":"uint256","name":"maxIssuable","type":"uint256"}],"payable":false,"stateMutability":"view","type":"function"},{"constant":true,"inputs":[],"name":"messageSender","outputs":[{"internalType":"address","name":"","type":"address"}],"payable":false,"stateMutability":"view","type":"function"},{"constant":false,"inputs":[],"name":"mint","outputs":[{"internalType":"bool","name":"","type":"bool"}],"payable":false,"stateMutability":"nonpayable","type":"function"},{"constant":true,"inputs":[],"name":"name","outputs":[{"internalType":"string","name":"","type":"string"}],"payable":false,"stateMutability":"view","type":"function"},{"constant":false,"inputs":[{"internalType":"address","name":"_owner","type":"address"}],"name":"nominateNewOwner","outputs":[],"payable":false,"stateMutability":"nonpayable","type":"function"},{"constant":true,"inputs":[],"name":"nominatedOwner","outputs":[{"internalType":"address","name":"","type":"address"}],"payable":false,"stateMutability":"view","type":"function"},{"constant":true,"inputs":[],"name":"owner","outputs":[{"internalType":"address","name":"","type":"address"}],"payable":false,"stateMutability":"view","type":"function"},{"constant":true,"inputs":[],"name":"proxy","outputs":[{"internalType":"contract Proxy","name":"","type":"address"}],"payable":false,"stateMutability":"view","type":"function"},{"constant":true,"inputs":[{"internalType":"address","name":"account","type":"address"}],"name":"remainingIssuableSynths","outputs":[{"internalType":"uint256","name":"maxIssuable","type":"uint256"},{"internalType":"uint256","name":"alreadyIssued","type":"uint256"},{"internalType":"uint256","name":"totalSystemDebt","type":"uint256"}],"payable":false,"stateMutability":"view","type":"function"},{"constant":true,"inputs":[],"name":"resolver","outputs":[{"internalType":"contract AddressResolver","name":"","type":"address"}],"payable":false,"stateMutability":"view","type":"function"},{"constant":true,"inputs":[{"internalType":"uint256","name":"","type":"uint256"}],"name":"resolverAddressesRequired","outputs":[{"internalType":"bytes32","name":"","type":"bytes32"}],"payable":false,"stateMutability":"view","type":"function"},{"constant":true,"inputs":[],"name":"sUSD","outputs":[{"internalType":"bytes32","name":"","type":"bytes32"}],"payable":false,"stateMutability":"view","type":"function"},{"constant":false,"inputs":[],"name":"selfDestruct","outputs":[],"payable":false,"stateMutability":"nonpayable","type":"function"},{"constant":true,"inputs":[],"name":"selfDestructBeneficiary","outputs":[{"internalType":"address","name":"","type":"address"}],"payable":false,"stateMutability":"view","type":"function"},{"constant":true,"inputs":[],"name":"selfDestructInitiated","outputs":[{"internalType":"bool","name":"","type":"bool"}],"payable":false,"stateMutability":"view","type":"function"},{"constant":false,"inputs":[{"internalType":"address payable","name":"_integrationProxy","type":"address"}],"name":"setIntegrationProxy","outputs":[],"payable":false,"stateMutability":"nonpayable","type":"function"},{"constant":false,"inputs":[{"internalType":"address","name":"sender","type":"address"}],"name":"setMessageSender","outputs":[],"payable":false,"stateMutability":"nonpayable","type":"function"},{"constant":false,"inputs":[{"internalType":"address payable","name":"_proxy","type":"address"}],"name":"setProxy","outputs":[],"payable":false,"stateMutability":"nonpayable","type":"function"},{"constant":false,"inputs":[{"internalType":"contract AddressResolver","name":"_resolver","type":"address"}],"name":"setResolverAndSyncCache","outputs":[],"payable":false,"stateMutability":"nonpayable","type":"function"},{"constant":false,"inputs":[{"internalType":"address payable","name":"_beneficiary","type":"address"}],"name":"setSelfDestructBeneficiary","outputs":[],"payable":false,"stateMutability":"nonpayable","type":"function"},{"constant":false,"inputs":[{"internalType":"contract TokenState","name":"_tokenState","type":"address"}],"name":"setTokenState","outputs":[],"payable":false,"stateMutability":"nonpayable","type":"function"},{"constant":false,"inputs":[{"internalType":"bytes32","name":"currencyKey","type":"bytes32"}],"name":"settle","outputs":[{"internalType":"uint256","name":"reclaimed","type":"uint256"},{"internalType":"uint256","name":"refunded","type":"uint256"},{"internalType":"uint256","name":"numEntriesSettled","type":"uint256"}],"payable":false,"stateMutability":"nonpayable","type":"function"},{"constant":true,"inputs":[],"name":"symbol","outputs":[{"internalType":"string","name":"","type":"string"}],"payable":false,"stateMutability":"view","type":"function"},{"constant":true,"inputs":[{"internalType":"bytes32","name":"currencyKey","type":"bytes32"}],"name":"synths","outputs":[{"internalType":"contract ISynth","name":"","type":"address"}],"payable":false,"stateMutability":"view","type":"function"},{"constant":true,"inputs":[{"internalType":"address","name":"synthAddress","type":"address"}],"name":"synthsByAddress","outputs":[{"internalType":"bytes32","name":"","type":"bytes32"}],"payable":false,"stateMutability":"view","type":"function"},{"constant":false,"inputs":[],"name":"terminateSelfDestruct","outputs":[],"payable":false,"stateMutability":"nonpayable","type":"function"},{"constant":true,"inputs":[],"name":"tokenState","outputs":[{"internalType":"contract TokenState","name":"","type":"address"}],"payable":false,"stateMutability":"view","type":"function"},{"constant":true,"inputs":[{"internalType":"bytes32","name":"currencyKey","type":"bytes32"}],"name":"totalIssuedSynths","outputs":[{"internalType":"uint256","name":"","type":"uint256"}],"payable":false,"stateMutability":"view","type":"function"},{"constant":true,"inputs":[{"internalType":"bytes32","name":"currencyKey","type":"bytes32"}],"name":"totalIssuedSynthsExcludeEtherCollateral","outputs":[{"internalType":"uint256","name":"","type":"uint256"}],"payable":false,"stateMutability":"view","type":"function"},{"constant":true,"inputs":[],"name":"totalSupply","outputs":[{"internalType":"uint256","name":"","type":"uint256"}],"payable":false,"stateMutability":"view","type":"function"},{"constant":false,"inputs":[{"internalType":"address","name":"to","type":"address"},{"internalType":"uint256","name":"value","type":"uint256"}],"name":"transfer","outputs":[{"internalType":"bool","name":"","type":"bool"}],"payable":false,"stateMutability":"nonpayable","type":"function"},{"constant":false,"inputs":[{"internalType":"address","name":"from","type":"address"},{"internalType":"address","name":"to","type":"address"},{"internalType":"uint256","name":"value","type":"uint256"}],"name":"transferFrom","outputs":[{"internalType":"bool","name":"","type":"bool"}],"payable":false,"stateMutability":"nonpayable","type":"function"},{"constant":true,"inputs":[{"internalType":"address","name":"account","type":"address"}],"name":"transferableSynthetix","outputs":[{"internalType":"uint256","name":"transferable","type":"uint256"}],"payable":false,"stateMutability":"view","type":"function"}]
